name,side,xmin,xmax,ymin,ymax,zmin,zmax,evidence
PCB,both,-0.127,73.208,-21.237,0.0,0.0,1.6,Exact original GKO and unique Excellon drill/slot geometry; nominal thickness
C1,T,24.007,24.507,-4.183,-3.183,1.6,2.2,CPL centre/rotation; footprint package envelope including lead span where named; height assumption
C2,T,4.961,5.961,-14.601,-14.101,1.6,2.2,CPL centre/rotation; footprint package envelope including lead span where named; height assumption
C3,T,9.825,10.625,-16.867,-15.267,1.6,2.5,CPL centre/rotation; footprint package envelope including lead span where named; height assumption
C4,T,9.822,10.622,-19.915,-18.314999999999998,1.6,2.5,CPL centre/rotation; footprint package envelope including lead span where named; height assumption
C5,B,38.651,39.151,-3.128,-2.128,-0.6,0.0,CPL centre/rotation; footprint package envelope including lead span where named; height assumption
C6,T,7.373999999999999,8.373999999999999,-8.632,-8.132,1.6,2.2,CPL centre/rotation; footprint package envelope including lead span where named; height assumption
C7,B,33.966,34.966,-4.0600000000000005,-3.56,-0.6,0.0,CPL centre/rotation; footprint package envelope including lead span where named; height assumption
C8,B,46.275,47.275,-7.323,-6.823,-0.6,0.0,CPL centre/rotation; footprint package envelope including lead span where named; height assumption
C9,B,33.848,34.848,-7.577,-7.077,-0.6,0.0,CPL centre/rotation; footprint package envelope including lead span where named; height assumption
C10,B,43.438,43.938,-14.421,-13.421,-0.6,0.0,CPL centre/rotation; footprint package envelope including lead span where named; height assumption
C11,B,31.903000000000002,33.503,-18.189,-17.389,-0.9,0.0,CPL centre/rotation; footprint package envelope including lead span where named; height assumption
C12,B,40.794000000000004,42.394000000000005,-16.21,-15.41,-0.9,0.0,CPL centre/rotation; footprint package envelope including lead span where named; height assumption
C13,B,25.912,26.412,-11.93,-10.93,-0.6,0.0,CPL centre/rotation; footprint package envelope including lead span where named; height assumption
C14,B,44.96,45.96,-17.257,-16.757,-0.6,0.0,CPL centre/rotation; footprint package envelope including lead span where named; height assumption
C15,B,44.921,45.921,-15.868,-15.368,-0.6,0.0,CPL centre/rotation; footprint package envelope including lead span where named; height assumption
C16,B,44.748,46.348,-19.098000000000003,-18.298000000000002,-0.9,0.0,CPL centre/rotation; footprint package envelope including lead span where named; height assumption
C17,B,31.211,32.211,-6.385,-5.885,-0.6,0.0,CPL centre/rotation; footprint package envelope including lead span where named; height assumption
C18,B,46.314,47.314,-9.267,-8.767,-0.6,0.0,CPL centre/rotation; footprint package envelope including lead span where named; height assumption
C19,B,40.517,41.017,-1.77,-0.77,-0.6,0.0,CPL centre/rotation; footprint package envelope including lead span where named; height assumption
C20,B,33.878,34.878,-5.164,-4.664,-0.6,0.0,CPL centre/rotation; footprint package envelope including lead span where named; height assumption
C21,B,46.236,47.236,-5.33,-4.83,-0.6,0.0,CPL centre/rotation; footprint package envelope including lead span where named; height assumption
C22,B,33.458,34.458,-11.602,-11.102,-0.6,0.0,CPL centre/rotation; footprint package envelope including lead span where named; height assumption
C23,B,41.66,42.16,-1.77,-0.77,-0.6,0.0,CPL centre/rotation; footprint package envelope including lead span where named; height assumption
C24,B,33.79,34.79,-8.886,-8.386,-0.6,0.0,CPL centre/rotation; footprint package envelope including lead span where named; height assumption
C30,T,7.074,8.674,-7.1240000000000006,-6.324,1.6,2.5,CPL centre/rotation; footprint package envelope including lead span where named; height assumption
CARD1,B,50.004000000000005,64.804,-14.799999999999999,-0.09999999999999964,-2.0,0.0,TF PUSH C393941 BOM. Body XY estimated from registered bottom render; CPL midpoint is not geometric body centre. All envelope dimensions provisional.
D1,T,3.7299999999999995,6.430000000000001,-4.517,-0.8169999999999995,1.6,2.8,CPL centre/rotation; footprint package envelope including lead span where named; height assumption
D2,T,59.991,62.691,-3.628,0.07200000000000006,1.6,2.8,CPL centre/rotation; footprint package envelope including lead span where named; height assumption
D3,T,64.89399999999999,67.694,-6.784,-3.8839999999999995,1.6,2.8,CPL centre/rotation; footprint package envelope including lead span where named; height assumption
D4,T,3.1719999999999997,5.972,-10.847999999999999,-7.947999999999999,1.6,2.8,CPL centre/rotation; footprint package envelope including lead span where named; height assumption
J1,T,69.94999999999999,88.75,-17.249,-4.848999999999998,1.6,6.1,AM90 identified by BOM. XY envelope reconciled with Gerber document outline and render. Height and seating Z assumed; verify drawing/part.
J2,T,-11.757,1.8529999999999998,-14.867999999999999,-6.467999999999998,-0.3999999999999999,2.0,U261-121N-4BS2S identified by BOM. XY from document outline and render; 13.61 length provisional. Mid-mount seating and 2.4 height assumed; verify drawing/part.
L1,T,3.3419999999999996,8.341999999999999,-20.28,-15.280000000000001,1.6,5.6,"5x5 footprint; 4.0 height inferred from ZENR5040 part series, provisional."
L2,B,23.615,28.615,-5.5009999999999994,-0.5009999999999994,-2.0,0.0,"5x5 footprint; 2.0 height inferred from NR5020 part series, provisional."
Q1,B,28.141000000000002,31.041,-13.011000000000001,-10.611,-1.2,0.0,CPL centre/rotation; footprint package envelope including lead span where named; height assumption
R1,B,33.617000000000004,35.217000000000006,-1.416,-0.6159999999999999,-0.9,0.0,CPL centre/rotation; footprint package envelope including lead span where named; height assumption
R2,B,52.582,53.082,-19.042,-18.042,-0.6,0.0,CPL centre/rotation; footprint package envelope including lead span where named; height assumption
R3,B,37.623000000000005,39.223000000000006,-14.05,-13.25,-0.9,0.0,CPL centre/rotation; footprint package envelope including lead span where named; height assumption
R4,T,67.441,67.941,-2.786,-1.786,1.6,2.2,CPL centre/rotation; footprint package envelope including lead span where named; height assumption
R5,T,3.489,4.489,-12.136,-11.636,1.6,2.2,CPL centre/rotation; footprint package envelope including lead span where named; height assumption
R6,T,5.465,5.965,-12.946,-11.946,1.6,2.2,CPL centre/rotation; footprint package envelope including lead span where named; height assumption
R7,T,65.79,66.29,-2.786,-1.786,1.6,2.2,CPL centre/rotation; footprint package envelope including lead span where named; height assumption
R8,T,22.186,23.186,-3.425,-2.925,1.6,2.2,CPL centre/rotation; footprint package envelope including lead span where named; height assumption
R9,T,13.343,14.343,-3.171,-2.671,1.6,2.2,CPL centre/rotation; footprint package envelope including lead span where named; height assumption
R10,B,33.617000000000004,35.217000000000006,-2.8129999999999997,-2.013,-0.9,0.0,CPL centre/rotation; footprint package envelope including lead span where named; height assumption
R11,T,3.628,5.228,-7.131,-6.3309999999999995,1.6,2.5,CPL centre/rotation; footprint package envelope including lead span where named; height assumption
R12,B,60.785,61.285,-19.094,-18.094,-0.6,0.0,CPL centre/rotation; footprint package envelope including lead span where named; height assumption
R13,B,59.567,60.067,-19.146,-18.146,-0.6,0.0,CPL centre/rotation; footprint package envelope including lead span where named; height assumption
R14,B,58.424,58.924,-19.169,-18.169,-0.6,0.0,CPL centre/rotation; footprint package envelope including lead span where named; height assumption
R15,B,56.975,57.475,-19.221,-18.221,-0.6,0.0,CPL centre/rotation; footprint package envelope including lead span where named; height assumption
R16,B,53.852,54.352,-19.019,-18.019,-0.6,0.0,CPL centre/rotation; footprint package envelope including lead span where named; height assumption
R17,B,48.784,50.784,-19.167,-17.917,-1.0,0.0,CPL centre/rotation; footprint package envelope including lead span where named; height assumption
R18,B,47.324000000000005,48.92400000000001,-11.821,-11.020999999999999,-0.9,0.0,CPL centre/rotation; footprint package envelope including lead span where named; height assumption
R19,T,59.492,59.992,-7.941,-6.941,1.6,2.2,CPL centre/rotation; footprint package envelope including lead span where named; height assumption
R20,T,58.095,58.595,-7.941,-6.941,1.6,2.2,CPL centre/rotation; footprint package envelope including lead span where named; height assumption
R21,T,56.698,57.198,-7.941,-6.941,1.6,2.2,CPL centre/rotation; footprint package envelope including lead span where named; height assumption
R22,T,62.361,62.861,-7.993,-6.993,1.6,2.2,CPL centre/rotation; footprint package envelope including lead span where named; height assumption
R23,T,60.964,61.464,-7.993,-6.993,1.6,2.2,CPL centre/rotation; footprint package envelope including lead span where named; height assumption
R24,T,47.573,48.073,-10.831,-9.831,1.6,2.2,CPL centre/rotation; footprint package envelope including lead span where named; height assumption
R25,B,26.378,27.978,-8.655000000000001,-7.855,-0.9,0.0,CPL centre/rotation; footprint package envelope including lead span where named; height assumption
R27,B,33.409,34.409,-13.077,-12.577,-0.6,0.0,CPL centre/rotation; footprint package envelope including lead span where named; height assumption
R30,B,30.527,32.127,-5.199000000000001,-4.399,-0.9,0.0,CPL centre/rotation; footprint package envelope including lead span where named; height assumption
SW1,B,4.131,9.331,-5.902,-0.702,-2.0,0.0,5.2 footprint/silkscreen envelope; 2.0 height inferred from exact BOM part name. Actuator shape simplified.
SW2,B,4.257999999999999,9.458,-20.126,-14.926,-2.0,0.0,5.2 footprint/silkscreen envelope; 2.0 height inferred from exact BOM part name. Actuator shape simplified.
SW3,T,55.325,65.325,-19.982,-9.482,1.6,10.6,"XY from silkscreen x55.325..65.325 y-19.982..-9.472. 9.0 total height inferred from 10*10*9-6P WX part name. Base height, shaft diameter and movement are assumptions; no cap supplied."
SW4,T,46.899,51.399,-18.125,-13.625,1.6,5.4,XY from GTO; 3.8 height inferred from LXW-TS-45X45X38-SMD identifier; actuator simplified.
U1,B,36.245999999999995,39.446,-17.506,-15.006,-0.9,0.0,CPL centre/rotation; footprint package envelope including lead span where named; height assumption
U2,B,36.967,43.967,-11.407,-4.406999999999999,-1.0,0.0,CPL centre/rotation; footprint package envelope including lead span where named; height assumption
U3,B,19.653000000000002,24.053000000000004,-16.357,-6.757,-2.0,0.0,C5373445 BOM; envelope from GBO x19.65297..24.05309 y-16.35699..-6.75693. Height 2.0 inferred from H2.0 part identifier; not drawing-verified.
U4,T,15.661000000000001,20.661,-3.532,-0.5319999999999997,1.6,2.8,CPL centre/rotation; footprint package envelope including lead span where named; height assumption
U5,T,7.3629999999999995,10.163,-14.149999999999999,-11.249999999999998,1.6,2.8,CPL centre/rotation; footprint package envelope including lead span where named; height assumption
TFT_PLACEHOLDER,T,17.101459999999996,45.00146,-18.49208,-4.99208,2.1,4.6,"XY is exact silkscreen guide only. TFT is absent from BOM, CPL and rendered assembly. Model is a placeholder; active viewing area, glass, adhesive, FPC and height unverified."
