x,y,end_x,end_y,diameter,kind,plating,sources
62.52489,-16.93189,62.52489,-16.93189,0.95001,round,NPTH,Drill_NPTH_Through.DRL:17
58.12511,-16.93189,58.12511,-16.93189,0.95001,round,NPTH,Drill_NPTH_Through.DRL:18
71.025,-8.79907,71.025,-8.79907,1.0,round,NPTH,Drill_NPTH_Through.DRL:20
71.025,-13.29919,71.025,-13.29919,1.0,round,NPTH,Drill_NPTH_Through.DRL:21
52.45405,-4.07899,52.45405,-4.07899,1.2,round,NPTH,Drill_NPTH_Through.DRL:23
60.45403,-4.07899,60.45403,-4.07899,1.2,round,NPTH,Drill_NPTH_Through.DRL:24
31.8135,-1.0795,31.8135,-1.0795,0.305,round,PTH,Drill_PTH_Through.DRL:21;Drill_PTH_Through_Via.DRL:15
31.877,-2.286,31.877,-2.286,0.305,round,PTH,Drill_PTH_Through.DRL:22;Drill_PTH_Through_Via.DRL:16
42.57501,-12.51718,42.57501,-12.51718,0.305,round,PTH,Drill_PTH_Through.DRL:24;Drill_PTH_Through_Via.DRL:18
45.07771,-5.79899,45.07771,-5.79899,0.305,round,PTH,Drill_PTH_Through.DRL:25;Drill_PTH_Through_Via.DRL:19
22.97935,-19.51526,22.97935,-19.51526,0.305,round,PTH,Drill_PTH_Through.DRL:26;Drill_PTH_Through_Via.DRL:20
38.12492,-10.46568,38.12492,-10.46568,0.305,round,PTH,Drill_PTH_Through.DRL:27;Drill_PTH_Through_Via.DRL:21
23.76986,-19.93896,23.76986,-19.93896,0.305,round,PTH,Drill_PTH_Through.DRL:28;Drill_PTH_Through_Via.DRL:22
42.31182,-3.42899,42.31182,-3.42899,0.305,round,PTH,Drill_PTH_Through.DRL:29;Drill_PTH_Through_Via.DRL:23
32.90163,-0.80758,32.90163,-0.80758,0.305,round,PTH,Drill_PTH_Through.DRL:30;Drill_PTH_Through_Via.DRL:24
32.7817,-2.29008,32.7817,-2.29008,0.305,round,PTH,Drill_PTH_Through.DRL:31;Drill_PTH_Through_Via.DRL:25
38.39702,-12.77118,38.39702,-12.77118,0.305,round,PTH,Drill_PTH_Through.DRL:32;Drill_PTH_Through_Via.DRL:26
38.43472,-5.69079,38.43472,-5.69079,0.305,round,PTH,Drill_PTH_Through.DRL:33;Drill_PTH_Through_Via.DRL:27
5.71499,-11.25118,5.71499,-11.25118,0.305,round,PTH,Drill_PTH_Through.DRL:34;Drill_PTH_Through_Via.DRL:28
39.81302,-12.77118,39.81302,-12.77118,0.305,round,PTH,Drill_PTH_Through.DRL:35;Drill_PTH_Through_Via.DRL:29
54.82999,-16.51397,54.82999,-16.51397,0.305,round,PTH,Drill_PTH_Through.DRL:36;Drill_PTH_Through_Via.DRL:30
56.35399,-18.54596,56.35399,-18.54596,0.305,round,PTH,Drill_PTH_Through.DRL:37;Drill_PTH_Through_Via.DRL:31
42.97511,-10.44618,42.97511,-10.44618,0.305,round,PTH,Drill_PTH_Through.DRL:38;Drill_PTH_Through_Via.DRL:32
60.48148,-7.92578,60.48148,-7.92578,0.305,round,PTH,Drill_PTH_Through.DRL:39;Drill_PTH_Through_Via.DRL:33
44.64521,-11.75518,44.64521,-11.75518,0.305,round,PTH,Drill_PTH_Through.DRL:40;Drill_PTH_Through_Via.DRL:34
62.33757,-8.70719,62.33757,-8.70719,0.305,round,PTH,Drill_PTH_Through.DRL:41;Drill_PTH_Through_Via.DRL:35
63.60757,-9.97718,63.60757,-9.97718,0.305,round,PTH,Drill_PTH_Through.DRL:42;Drill_PTH_Through_Via.DRL:36
45.07771,-4.99889,45.07771,-4.99889,0.305,round,PTH,Drill_PTH_Through.DRL:43;Drill_PTH_Through_Via.DRL:37
31.15364,-3.17499,31.15364,-3.17499,0.305,round,PTH,Drill_PTH_Through.DRL:44;Drill_PTH_Through_Via.DRL:38
43.00671,-5.39889,43.00671,-5.39889,0.305,round,PTH,Drill_PTH_Through.DRL:45;Drill_PTH_Through_Via.DRL:39
16.59076,-3.53999,16.59076,-3.53999,0.305,round,PTH,Drill_PTH_Through.DRL:46;Drill_PTH_Through_Via.DRL:40
48.53881,-14.53007,48.53881,-14.53007,0.305,round,PTH,Drill_PTH_Through.DRL:47;Drill_PTH_Through_Via.DRL:41
57.68279,-9.45008,57.68279,-9.45008,0.305,round,PTH,Drill_PTH_Through.DRL:48;Drill_PTH_Through_Via.DRL:42
47.87171,-14.00877,47.87171,-14.00877,0.305,round,PTH,Drill_PTH_Through.DRL:49;Drill_PTH_Through_Via.DRL:43
57.54398,-8.67478,57.54398,-8.67478,0.305,round,PTH,Drill_PTH_Through.DRL:50;Drill_PTH_Through_Via.DRL:44
43.77491,-11.73568,43.77491,-11.73568,0.305,round,PTH,Drill_PTH_Through.DRL:51;Drill_PTH_Through_Via.DRL:45
2.66089,-10.85598,2.66089,-10.85598,0.305,round,PTH,Drill_PTH_Through.DRL:52;Drill_PTH_Through_Via.DRL:46
0.8829,-8.91808,0.8829,-8.91808,0.305,round,PTH,Drill_PTH_Through.DRL:53;Drill_PTH_Through_Via.DRL:47
2.405,-9.41788,2.405,-9.41788,0.305,round,PTH,Drill_PTH_Through.DRL:54;Drill_PTH_Through_Via.DRL:48
3.67499,-7.63988,3.67499,-7.63988,0.305,round,PTH,Drill_PTH_Through.DRL:55;Drill_PTH_Through_Via.DRL:49
4.3399,-9.39798,4.3399,-9.39798,0.305,round,PTH,Drill_PTH_Through.DRL:56;Drill_PTH_Through_Via.DRL:50
0.7839,-9.90598,0.7839,-9.90598,0.305,round,PTH,Drill_PTH_Through.DRL:57;Drill_PTH_Through_Via.DRL:51
40.93702,-5.36739,40.93702,-5.36739,0.305,round,PTH,Drill_PTH_Through.DRL:58;Drill_PTH_Through_Via.DRL:52
39.41302,-1.0494,39.41302,-1.0494,0.305,round,PTH,Drill_PTH_Through.DRL:59;Drill_PTH_Through_Via.DRL:53
40.32102,-3.29639,40.32102,-3.29639,0.305,round,PTH,Drill_PTH_Through.DRL:60;Drill_PTH_Through_Via.DRL:54
36.00303,-2.53439,36.00303,-2.53439,0.305,round,PTH,Drill_PTH_Through.DRL:61;Drill_PTH_Through_Via.DRL:55
7.14609,-9.83998,7.14609,-9.83998,0.305,round,PTH,Drill_PTH_Through.DRL:62;Drill_PTH_Through_Via.DRL:56
9.17809,-7.80798,9.17809,-7.80798,0.305,round,PTH,Drill_PTH_Through.DRL:63;Drill_PTH_Through_Via.DRL:57
10.60608,-2.4057,10.60608,-2.4057,0.305,round,PTH,Drill_PTH_Through.DRL:64;Drill_PTH_Through_Via.DRL:58
41.47432,-2.53999,41.47432,-2.53999,0.305,round,PTH,Drill_PTH_Through.DRL:65;Drill_PTH_Through_Via.DRL:59
17.76296,-3.99799,17.76296,-3.99799,0.305,round,PTH,Drill_PTH_Through.DRL:66;Drill_PTH_Through_Via.DRL:60
17.76296,-2.286,17.76296,-2.286,0.305,round,PTH,Drill_PTH_Through.DRL:67;Drill_PTH_Through_Via.DRL:61
51.9542,-16.25997,51.9542,-16.25997,0.305,round,PTH,Drill_PTH_Through.DRL:68;Drill_PTH_Through_Via.DRL:62
43.06421,-8.74478,43.06421,-8.74478,0.305,round,PTH,Drill_PTH_Through.DRL:69;Drill_PTH_Through_Via.DRL:63
53.30799,-16.25997,53.30799,-16.25997,0.305,round,PTH,Drill_PTH_Through.DRL:70;Drill_PTH_Through_Via.DRL:64
43.02621,-7.97338,43.02621,-7.97338,0.305,round,PTH,Drill_PTH_Through.DRL:71;Drill_PTH_Through_Via.DRL:65
56.26809,-12.15698,56.26809,-12.15698,0.305,round,PTH,Drill_PTH_Through.DRL:72;Drill_PTH_Through_Via.DRL:66
45.31221,-10.16088,45.31221,-10.16088,0.305,round,PTH,Drill_PTH_Through.DRL:73;Drill_PTH_Through_Via.DRL:67
45.58571,-6.99889,45.58571,-6.99889,0.305,round,PTH,Drill_PTH_Through.DRL:74;Drill_PTH_Through_Via.DRL:68
46.09371,-10.04688,46.09371,-10.04688,0.305,round,PTH,Drill_PTH_Through.DRL:75;Drill_PTH_Through_Via.DRL:69
59.65418,-16.25997,59.65418,-16.25997,0.305,round,PTH,Drill_PTH_Through.DRL:76;Drill_PTH_Through_Via.DRL:70
45.17621,-9.40198,45.17621,-9.40198,0.305,round,PTH,Drill_PTH_Through.DRL:77;Drill_PTH_Through_Via.DRL:71
56.94599,-16.76797,56.94599,-16.76797,0.305,round,PTH,Drill_PTH_Through.DRL:78;Drill_PTH_Through_Via.DRL:72
57.96198,-18.03796,57.96198,-18.03796,0.305,round,PTH,Drill_PTH_Through.DRL:79;Drill_PTH_Through_Via.DRL:73
45.26611,-13.21197,45.26611,-13.21197,0.305,round,PTH,Drill_PTH_Through.DRL:80;Drill_PTH_Through_Via.DRL:74
37.84122,-8.89398,37.84122,-8.89398,0.305,round,PTH,Drill_PTH_Through.DRL:81;Drill_PTH_Through_Via.DRL:75
26.59295,-7.32689,26.59295,-7.32689,0.305,round,PTH,Drill_PTH_Through.DRL:82;Drill_PTH_Through_Via.DRL:76
34.46693,-6.56489,34.46693,-6.56489,0.305,round,PTH,Drill_PTH_Through.DRL:83;Drill_PTH_Through_Via.DRL:77
39.49392,-3.31589,39.49392,-3.31589,0.305,round,PTH,Drill_PTH_Through.DRL:84;Drill_PTH_Through_Via.DRL:78
40.46712,-10.62888,40.46712,-10.62888,0.305,round,PTH,Drill_PTH_Through.DRL:85;Drill_PTH_Through_Via.DRL:79
38.18153,-9.65318,38.18153,-9.65318,0.305,round,PTH,Drill_PTH_Through.DRL:86;Drill_PTH_Through_Via.DRL:80
27.41565,-13.30707,27.41565,-13.30707,0.305,round,PTH,Drill_PTH_Through.DRL:87;Drill_PTH_Through_Via.DRL:81
35.85653,-8.59878,35.85653,-8.59878,0.305,round,PTH,Drill_PTH_Through.DRL:88;Drill_PTH_Through_Via.DRL:82
22.82705,-11.39278,22.82705,-11.39278,0.305,round,PTH,Drill_PTH_Through.DRL:89;Drill_PTH_Through_Via.DRL:83
36.63803,-11.21478,36.63803,-11.21478,0.305,round,PTH,Drill_PTH_Through.DRL:90;Drill_PTH_Through_Via.DRL:84
22.56685,-10.65298,22.56685,-10.65298,0.305,round,PTH,Drill_PTH_Through.DRL:91;Drill_PTH_Through_Via.DRL:85
35.34853,-9.50688,35.34853,-9.50688,0.305,round,PTH,Drill_PTH_Through.DRL:92;Drill_PTH_Through_Via.DRL:86
22.41916,-12.04688,22.41916,-12.04688,0.305,round,PTH,Drill_PTH_Through.DRL:93;Drill_PTH_Through_Via.DRL:87
35.85653,-10.30668,35.85653,-10.30668,0.305,round,PTH,Drill_PTH_Through.DRL:94;Drill_PTH_Through_Via.DRL:88
26.23855,-12.59267,26.23855,-12.59267,0.305,round,PTH,Drill_PTH_Through.DRL:95;Drill_PTH_Through_Via.DRL:89
22.66795,-12.95707,22.66795,-12.95707,0.305,round,PTH,Drill_PTH_Through.DRL:96;Drill_PTH_Through_Via.DRL:90
28.06604,-10.09898,28.06604,-10.09898,0.305,round,PTH,Drill_PTH_Through.DRL:97;Drill_PTH_Through_Via.DRL:91
39.12122,-5.34789,39.12122,-5.34789,0.305,round,PTH,Drill_PTH_Through.DRL:98;Drill_PTH_Through_Via.DRL:92
41.15322,-3.31589,41.15322,-3.31589,0.305,round,PTH,Drill_PTH_Through.DRL:99;Drill_PTH_Through_Via.DRL:93
46.85431,-9.98518,46.85431,-9.98518,0.305,round,PTH,Drill_PTH_Through.DRL:100;Drill_PTH_Through_Via.DRL:94
29.87764,-4.10309,29.87764,-4.10309,0.305,round,PTH,Drill_PTH_Through.DRL:101;Drill_PTH_Through_Via.DRL:95
20.98766,-3.59509,20.98766,-3.59509,0.305,round,PTH,Drill_PTH_Through.DRL:102;Drill_PTH_Through_Via.DRL:96
53.90009,-13.89797,53.90009,-13.89797,0.305,round,PTH,Drill_PTH_Through.DRL:103;Drill_PTH_Through_Via.DRL:97
46.59251,-16.37957,46.59251,-16.37957,0.305,round,PTH,Drill_PTH_Through.DRL:104;Drill_PTH_Through_Via.DRL:98
31.24104,-18.55086,31.24104,-18.55086,0.305,round,PTH,Drill_PTH_Through.DRL:105;Drill_PTH_Through_Via.DRL:99
47.7423,-8.50898,47.7423,-8.50898,0.305,round,PTH,Drill_PTH_Through.DRL:106;Drill_PTH_Through_Via.DRL:100
47.8693,-7.23899,47.8693,-7.23899,0.305,round,PTH,Drill_PTH_Through.DRL:107;Drill_PTH_Through_Via.DRL:101
33.27303,-10.67688,33.27303,-10.67688,0.305,round,PTH,Drill_PTH_Through.DRL:108;Drill_PTH_Through_Via.DRL:102
39.98312,-9.91488,39.98312,-9.91488,0.305,round,PTH,Drill_PTH_Through.DRL:109;Drill_PTH_Through_Via.DRL:103
22.79895,-4.04699,22.79895,-4.04699,0.305,round,PTH,Drill_PTH_Through.DRL:110;Drill_PTH_Through_Via.DRL:104
21.54096,-0.778,21.54096,-0.778,0.305,round,PTH,Drill_PTH_Through.DRL:111;Drill_PTH_Through_Via.DRL:105
13.54497,-2.2782,13.54497,-2.2782,0.305,round,PTH,Drill_PTH_Through.DRL:112;Drill_PTH_Through_Via.DRL:106
7.28998,-3.73809,7.28998,-3.73809,0.305,round,PTH,Drill_PTH_Through.DRL:113;Drill_PTH_Through_Via.DRL:107
66.22497,-16.30387,66.22497,-16.30387,0.305,round,PTH,Drill_PTH_Through.DRL:114;Drill_PTH_Through_Via.DRL:108
1.94297,-6.39305,0.643,-6.39305,0.50002,slot,PTH,Drill_PTH_Through.DRL:116
1.94297,-14.94295,0.643,-14.94295,0.50002,slot,PTH,Drill_PTH_Through.DRL:117
68.85005,-7.54906,68.85005,-7.54906,1.0,round,PTH,Drill_PTH_Through.DRL:119
68.85005,-10.04905,68.85005,-10.04905,1.0,round,PTH,Drill_PTH_Through.DRL:120
68.85005,-12.04905,68.85005,-12.04905,1.0,round,PTH,Drill_PTH_Through.DRL:121
68.85005,-14.54904,68.85005,-14.54904,1.0,round,PTH,Drill_PTH_Through.DRL:122
70.84982,-5.04906,70.84982,-5.04906,2.59999,round,PTH,Drill_PTH_Through.DRL:124
70.84982,-17.04904,70.84982,-17.04904,2.59999,round,PTH,Drill_PTH_Through.DRL:125
