ref,x,y,rotation,side,footprint,device,manufacturer,supplier_part
C1,24.257,-3.683,270.0,T,C0402,CL05B104KO5NNNC,SAMSUNG(三星),C1525
C2,5.461,-14.351,180.0,T,C0402,MG15B104K160CT,Walsin(华新科),C327781
C3,10.225,-16.067,90.0,T,C0603,TCC0603X5R226K6R3CT,CCTC(三环),C49275042
C4,10.222,-19.115,270.0,T,C0603,TCC0603X5R226K6R3CT,CCTC(三环),C49275042
C5,38.901,-2.628,90.0,B,C0402,CL05B104KO5NNNC,SAMSUNG(三星),C1525
C6,7.874,-8.382,180.0,T,C0402,CL05B104KO5NNNC,SAMSUNG(三星),C1525
C7,34.466,-3.81,180.0,B,C0402,CL05B104KO5NNNC,SAMSUNG(三星),C1525
C8,46.775,-7.073,0.0,B,C0402,GRM155D71A475ME15D,muRata(村田),C20044522
C9,34.348,-7.327,180.0,B,C0402,CL05B104KO5NNNC,SAMSUNG(三星),C1525
C10,43.688,-13.921,270.0,B,C0402,CL05B104KO5NNNC,SAMSUNG(三星),C1525
C11,32.703,-17.789,0.0,B,C0603,FCC0603N150J500CT,FOJAN(富捷),C5137617
C12,41.594,-15.81,0.0,B,C0603,FCC0603N150J500CT,FOJAN(富捷),C5137617
C13,26.162,-11.43,270.0,B,C0402,CL05B104KO5NNNC,SAMSUNG(三星),C1525
C14,45.46,-17.007,0.0,B,C0402,CL05B104KO5NNNC,SAMSUNG(三星),C1525
C15,45.421,-15.618,180.0,B,C0402,TCC0402X5R105K250AT,CCTC(三环),C5359886
C16,45.548,-18.698,180.0,B,C0603,MH0603A106M100N8RN,Sunway(信维通信),C54349904
C17,31.711,-6.135,0.0,B,C0402,GRM155D71A475ME15D,muRata(村田),C20044522
C18,46.814,-9.017,0.0,B,C0402,CL05B104KO5NNNC,SAMSUNG(三星),C1525
C19,40.767,-1.27,90.0,B,C0402,CL05B104KO5NNNC,SAMSUNG(三星),C1525
C20,34.378,-4.914,180.0,B,C0402,CL05B104KO5NNNC,SAMSUNG(三星),C1525
C21,46.736,-5.08,0.0,B,C0402,CL05B104KO5NNNC,SAMSUNG(三星),C1525
C22,33.958,-11.352,180.0,B,C0402,CL05B104KO5NNNC,SAMSUNG(三星),C1525
C23,41.91,-1.27,90.0,B,C0402,CL05B104KO5NNNC,SAMSUNG(三星),C1525
C24,34.29,-8.636,0.0,B,C0402,CL05B104KO5NNNC,SAMSUNG(三星),C1525
C30,7.874,-6.724,0.0,T,C0603,MH0603A106M100N8RN,Sunway(信维通信),C54349904
CARD1,57.404,-9.779,0.0,B,TF-SMD_TF-PUSH,TF PUSH,SHOU HAN(首韩),C393941
D1,5.08,-2.667,180.0,T,SOD-123_L2.7-W1.6-LS3.7-RD-1,B5819W SL,CJ(江苏长电/长晶),C8598
D2,61.341,-1.778,0.0,T,SOD-123_L2.7-W1.6-LS3.7-RD-1,B5819W SL,CJ(江苏长电/长晶),C8598
D3,66.294,-5.334,270.0,T,SOT-23-6_L2.9-W1.6-P0.95-LS2.8-BL,USBLC6-2SC6_C2687116,UMW(友台半导体),C2687116
D4,4.572,-9.398,90.0,T,SOT-23-6_L2.9-W1.6-P0.95-LS2.8-BL,USBLC6-2SC6_C2687116,UMW(友台半导体),C2687116
J1,69.85,-11.049,90.0,T,USB-AM-TH_AM90,AM90,SHOU HAN(首韩),C404965
J2,1.143,-10.668,270.0,T,USB-C-SMD_U261-121N-4BS2S,U261-121N-4BS2S,XKB Connection(中国星坤),C2879827
L1,5.842,-17.78,0.0,T,IND-SMD_L5.0-W5.0,ZENR5040T3R9N-3.9uH,ZE(增益),C42428060
L2,26.115,-3.001,0.0,B,IND-SMD_L5.0-W5.0_NR5020M150AS,NR5020M3R3A,Coilank(驰兴电感),C47327049
Q1,29.591,-11.811,180.0,B,SOT-23_L2.9-W1.3-P1.90-LS2.4-BR,AO3401A_C347476,UMW(友台半导体),C347476
R1,34.417,-1.016,0.0,B,R0603,FRQ0603F27R0TS,FOJAN(富捷),C7468521
R2,52.832,-18.542,270.0,B,R0402,RC0402FR-0710KL,YAGEO(国巨),C60490
R3,38.423,-13.65,0.0,B,R0603,FRC0603F1001TS,FOJAN(富捷),C2907002
R4,67.691,-2.286,270.0,T,R0402,RC0402FR-07100KL,YAGEO(国巨),C60491
R5,3.989,-11.886,180.0,T,R0402,RC0402FR-07100KL,YAGEO(国巨),C60491
R6,5.715,-12.446,90.0,T,R0402,FRC0402F1203TS,FOJAN(富捷),C2909314
R7,66.04,-2.286,90.0,T,R0402,FRC0402F1203TS,FOJAN(富捷),C2909314
R8,22.686,-3.175,180.0,T,R0402,RC0402FR-0710KL,YAGEO(国巨),C60490
R9,13.843,-2.921,0.0,T,R0402,RC0402FR-0710KL,YAGEO(国巨),C60490
R10,34.417,-2.413,0.0,B,R0603,FRQ0603F27R0TS,FOJAN(富捷),C7468521
R11,4.428,-6.731,0.0,T,R0603,CRF0603Q512FN,SIE(永星科技),C54973944
R12,61.035,-18.594,270.0,B,R0402,RC0402FR-0710KL,YAGEO(国巨),C60490
R13,59.817,-18.646,90.0,B,R0402,RC0402FR-0710KL,YAGEO(国巨),C60490
R14,58.674,-18.669,90.0,B,R0402,RC0402FR-0710KL,YAGEO(国巨),C60490
R15,57.225,-18.721,90.0,B,R0402,RC0402FR-0710KL,YAGEO(国巨),C60490
R16,54.102,-18.519,90.0,B,R0402,RC0402FR-0710KL,YAGEO(国巨),C60490
R17,49.784,-18.542,0.0,B,R0805,HRC0805F0000FNTN,HC(华橙熊猫),C54921091
R18,48.124,-11.421,0.0,B,R0603,1RC0603J0220,SAE(世盟/世爱),C54531690
R19,59.742,-7.441,90.0,T,R0402,RC0402FR-0710KL,YAGEO(国巨),C60490
R20,58.345,-7.441,90.0,T,R0402,RC0402FR-0710KL,YAGEO(国巨),C60490
R21,56.948,-7.441,90.0,T,R0402,RC0402FR-0710KL,YAGEO(国巨),C60490
R22,62.611,-7.493,90.0,T,R0402,RC0402FR-0710KL,YAGEO(国巨),C60490
R23,61.214,-7.493,90.0,T,R0402,RC0402FR-0710KL,YAGEO(国巨),C60490
R24,47.823,-10.331,90.0,T,R0402,RC0402FR-0710KL,YAGEO(国巨),C60490
R25,27.178,-8.255,180.0,B,R0603,FRQ0603F27R0TS,FOJAN(富捷),C7468521
R27,33.909,-12.827,0.0,B,R0402,RC0402FR-0710KL,YAGEO(国巨),C60490
R30,31.327,-4.799,0.0,B,R0603,FRC0603F33R0TS,FOJAN(富捷),C2909394
SW1,6.731,-3.302,180.0,B,SW-SMD_4P-L5.2-W5.2-P3.70-LS6.4,TS-1140SP-4x4x2.0H-260,CAX(创都),C51927161
SW2,6.858,-17.526,0.0,B,SW-SMD_4P-L5.2-W5.2-P3.70-LS6.4,TS-1140SP-4x4x2.0H-260,CAX(创都),C51927161
SW3,60.325,-14.732,0.0,T,SW-SMD-6P-L10.5-W10.0_C2858290,10*10*9-6P WX,SHOU HAN(首韩),C2858290
SW4,49.149,-15.875,270.0,T,SW-SMD_4P-L4.5-W4.5-P3.00-LS6.8,LXW-TS-45X45X38-SMD,LXWCONN(连兴旺电子),C53447035
SWCLK,18.657,-19.96,0.0,T,Test-Point-0.5mm,Test-Point,,
SWDIO,20.562,-19.976,0.0,T,Test-Point-0.5mm,Test-Point,,
RUN,22.471,-19.921,0.0,T,Test-Point-0.5mm,Test-Point,,
BOOTSEL,24.384,-19.939,0.0,T,Test-Point-0.5mm,Test-Point,,
3V3,26.306,-19.907,0.0,T,Test-Point-0.5mm,Test-Point,,
GND,28.27,-19.862,0.0,T,Test-Point-0.5mm,Test-Point,,
U1,37.846,-16.256,0.0,B,CRYSTAL-SMD_4P-L3.2-W2.5-BL,ABM8-272-T3_C20625731,ABRACON,C20625731
U2,40.467,-7.907,180.0,B,QFN-60_L7.0-W7.0-P0.40-TL-EP3.4,RP2354A,Raspberry Pi(树莓派),C41378174
U3,23.241,-11.557,90.0,B,FPC-SMD_8P-P0.50_SHOUHAN_CTSJ-H2.0,0.5-8P CTSJ-H2.0 119,SHOU HAN(首韩),C5373445
U4,18.161,-2.032,90.0,T,MSOP-10_L3.0-W3.0-P0.50-LS5.0-BL,FSUSB42MUX,onsemi(安森美),C11355
U5,8.763,-12.7,90.0,T,TSOT-26_L2.9-W1.6-P0.95-LS2.8-BL,AP63203WU-7,DIODES(美台),C780769
