name,side,xmin,xmax,ymin,ymax,zmin,zmax
PCB,both,-0.12700010000002848,73.20800010000002,-21.237000100000028,1.0000002847716647e-07,-0.0004041618448597023,1.60040416184486
C1,T,24.006999899999997,24.507000100000006,-4.183000100000004,-3.1829998999999964,1.5999998999999965,2.2000001000000036
C2,T,4.960999899999998,5.961000100000002,-14.601000100000002,-14.1009999,1.599999899999998,2.2000001000000022
C3,T,9.824999899999996,10.625000100000003,-16.867000100000006,-15.266999899999997,1.5999998999999965,2.5000001000000034
C4,T,9.821999899999998,10.622000100000001,-19.9150001,-18.314999899999997,1.5999998999999996,2.5000001000000003
C5,B,38.650999899999995,39.15100010000001,-3.128000100000007,-2.127999899999993,-0.600000100000007,1.000000071056442e-07
C6,T,7.373999899999997,8.374000100000002,-8.632000100000003,-8.131999899999997,1.5999998999999976,2.2000001000000027
C7,B,33.96599989999999,34.96600010000001,-4.060000100000008,-3.559999899999993,-0.6000001000000071,1.000000071609385e-07
C8,B,46.27499989999999,47.27500010000001,-7.323000100000008,-6.822999899999993,-0.600000100000007,1.0000000710548156e-07
C9,B,33.8479999,34.8480001,-7.577000100000001,-7.076999899999999,-0.6000001000000008,1.0000000088991144e-07
C10,B,43.437999899999994,43.93800010000001,-14.421000100000006,-13.420999899999993,-0.600000100000007,1.000000071056442e-07
C11,B,31.9029999,33.5030001,-18.1890001,-17.3889999,-0.9000001000000001,1.000000001110223e-07
C12,B,40.7939999,42.3940001,-16.210000100000002,-15.409999899999999,-0.9000001000000019,1.000000017798229e-07
C13,B,25.911999899999994,26.412000100000004,-11.930000100000003,-10.929999899999997,-0.6000001000000035,1.0000000355314733e-07
C14,B,44.95999989999999,45.96000010000001,-17.25700010000001,-16.756999899999993,-0.6000001000000079,1.0000000794410928e-07
C15,B,44.92099989999999,45.92100010000001,-15.868000100000007,-15.367999899999994,-0.6000001000000073,1.0000000732410687e-07
C16,B,44.747999899999996,46.34800010000001,-19.098000100000007,-18.297999899999994,-0.9000001000000071,1.0000000710629466e-07
C17,B,31.210999899999997,32.2110001,-6.385000100000001,-5.884999899999999,-0.6000001000000008,1.0000000088991144e-07
C18,B,46.31399989999999,47.31400010000001,-9.267000100000006,-8.766999899999993,-0.600000100000007,1.000000071056442e-07
C19,B,40.516999899999995,41.01700010000001,-1.7700001000000072,-0.7699998999999929,-0.6000001000000071,1.0000000710895014e-07
C20,B,33.8779999,34.8780001,-5.1640001,-4.663999899999999,-0.6000001,1.0000000005551115e-07
C21,B,46.23599989999999,47.236000100000005,-5.3300001000000075,-4.829999899999993,-0.600000100000007,1.000000071056442e-07
C22,B,33.4579999,34.4580001,-11.602000100000001,-11.1019999,-0.6000001000000017,1.0000000177722398e-07
C23,B,41.659999899999995,42.1600001,-1.7700001000000003,-0.7699998999999997,-0.6000001000000003,1.0000000022887833e-07
C24,B,33.78999989999999,34.79000010000001,-8.886000100000006,-8.385999899999993,-0.600000100000007,1.000000071056442e-07
C30,T,7.073999899999999,8.6740001,-7.124000100000002,-6.323999899999999,1.5999998999999987,2.500000100000001
CARD1,B,50.0039999,64.8040001,-14.800000100000005,-0.09999989999999248,-2.000000100000007,1.0000000716158396e-07
D1,T,3.7299998999999984,6.430000100000002,-4.5170001000000015,-0.8169998999999986,1.599999899999999,2.800000100000001
D2,T,59.99099989999999,62.69100010000001,-3.628000100000007,0.07200010000000719,1.599999899999993,2.8000001000000068
D3,T,64.8939999,67.6940001,-6.7840001,-3.8839998999999987,1.5999998999999991,2.8000001000000005
D4,T,3.1719998999999977,5.9720001000000025,-10.8480001,-7.9479998999999975,1.599999899999998,2.800000100000002
J1,T,69.94999989999998,88.75000010000001,-17.384000100000016,-4.713999899999985,1.5999998999999858,6.100000100000014
J2,T,-11.757373081599022,1.8530001000000016,-15.0430001,-6.292999899999997,0.6496269184009783,3.0503730815990218
L1,T,3.3419998999999985,8.3420001,-20.280000100000002,-15.2799999,1.5999998999999991,5.600000100000001
L2,B,23.614999899999994,28.615000100000003,-5.501000100000003,-0.5009998999999963,-2.000000100000004,1.0000000366877897e-07
Q1,B,28.140999899999997,31.041000100000005,-13.011000100000004,-10.610999899999996,-1.200000100000004,1.0000000397360592e-07
R1,B,33.6169999,35.2170001,-1.4160001000000002,-0.6159998999999998,-0.9000001000000003,1.0000000024825341e-07
R2,B,52.58199989999999,53.08200010000001,-19.04200010000001,-18.041999899999993,-0.600000100000007,1.000000071056442e-07
R3,B,37.6229999,39.2230001,-14.050000100000002,-13.249999899999999,-0.9000001000000019,1.000000017798229e-07
R4,T,67.44099990000001,67.9410001,-2.7860001000000003,-1.7859998999999995,1.5999998999999996,2.2000001000000005
R5,T,3.488999899999998,4.489000100000002,-12.1360001,-11.635999899999998,1.599999899999998,2.2000001000000022
R6,T,5.464999899999998,5.965000100000002,-12.946000100000001,-11.945999899999999,1.5999998999999983,2.200000100000002
R7,T,65.7899999,66.29000010000001,-2.786000100000014,-1.7859998999999858,1.5999998999999858,2.2000001000000142
R8,T,22.185999899999995,23.186000100000005,-3.425000100000003,-2.9249998999999964,1.5999998999999965,2.2000001000000036
R9,T,13.342999899999999,14.343000100000001,-3.171000100000002,-2.6709998999999978,1.5999998999999983,2.200000100000002
R10,B,33.6169999,35.2170001,-2.8130001,-2.0129998999999996,-0.9000001000000005,1.0000000045775668e-07
R11,T,3.627999899999999,5.228000100000001,-7.131000100000001,-6.330999899999998,1.5999998999999991,2.500000100000001
R12,B,60.784999899999995,61.2850001,-19.094000100000002,-18.0939999,-0.6000001,1.0000000005551115e-07
R13,B,59.56699989999999,60.06700010000001,-19.14600010000001,-18.145999899999993,-0.600000100000007,1.000000071056442e-07
R14,B,58.42399989999999,58.92400010000001,-19.16900010000001,-18.168999899999992,-0.6000001000000079,1.0000000794410928e-07
R15,B,56.97499989999999,57.47500010000001,-19.22100010000001,-18.220999899999992,-0.6000001000000079,1.0000000794410928e-07
R16,B,53.85199989999999,54.352000100000005,-19.019000100000007,-18.01899989999999,-0.600000100000007,1.000000071056442e-07
R17,B,48.78399989999999,50.78400010000001,-19.16700010000001,-17.916999899999993,-1.0000001000000072,1.000000071056442e-07
R18,B,47.323999900000004,48.9240001,-11.8210001,-11.0209999,-0.9000001000000001,1.000000001110223e-07
R19,T,59.49199989999999,59.992000100000006,-7.941000100000007,-6.9409998999999925,1.599999899999993,2.200000100000007
R20,T,58.0949999,58.5950001,-7.941000100000001,-6.940999899999999,1.5999998999999991,2.200000100000001
R21,T,56.69799989999999,57.19800010000001,-7.941000100000007,-6.9409998999999925,1.599999899999993,2.200000100000007
R22,T,62.36099989999999,62.861000100000005,-7.993000100000008,-6.992999899999993,1.599999899999993,2.200000100000007
R23,T,60.9639999,61.4640001,-7.9930001000000015,-6.992999899999999,1.5999998999999991,2.200000100000001
R24,T,47.57299989999999,48.07300010000001,-10.831000100000006,-9.830999899999993,1.5999998999999927,2.2000001000000076
R25,B,26.3779999,27.978000100000006,-8.655000100000004,-7.854999899999997,-0.9000001000000035,1.0000000355444797e-07
R27,B,33.40899989999999,34.40900010000001,-13.077000100000006,-12.576999899999993,-0.600000100000007,1.000000071056442e-07
R30,B,30.5269999,32.127000100000004,-5.199000100000002,-4.398999899999999,-0.900000100000001,1.0000000089509042e-07
SW1,B,4.130999899999998,9.3310001,-5.902000100000002,-0.701999899999998,-2.000357540699062,1.0000000089509042e-07
SW2,B,4.257999899999995,9.458000100000005,-20.126000100000006,-14.925999899999995,-2.0003575406990657,1.0000000089509042e-07
SW3,T,55.32499989999999,65.32500010000001,-19.982000100000015,-9.481999899999986,1.599999899999993,10.600000100000006
SW4,T,46.89899989999999,51.39900010000001,-18.12500010000001,-13.624999899999992,1.5999998999999996,5.400357540699068
U1,B,36.245999899999994,39.4460001,-17.5060001,-15.0059999,-0.9000001000000001,1.000000001110223e-07
U2,B,36.9669999,43.96700010000001,-11.407000100000007,-4.406999899999993,-1.0000001000000074,1.0000000732431724e-07
U3,B,19.652999899999998,24.053000100000006,-16.357000100000004,-6.756999899999997,-2.000000100000004,1.0000000397205465e-07
U4,T,15.6609999,20.661000100000003,-3.5320001000000003,-0.5319998999999994,1.5999998999999996,2.8000001
U5,T,7.3629998999999975,10.163000100000001,-14.1500001,-11.249999899999999,1.5999998999999983,2.8000001000000014
TFT_PLACEHOLDER,T,17.10145989999999,45.0014601,-18.492080100000006,-4.992079899999997,2.0999998999999967,3.7000001000000036
SD_CARD_ASSUMED,B,51.903999899999995,62.90400010000001,-13.800000100000007,1.2000001000000065,-1.6500001000000073,-0.6499998999999927
